PC1,PC2,State,KMeans_Cluster,GMM_Cluster
1.2101908627789084,-0.8422770850102442,Alabama,0,1
2.3321869852472537,1.539434301601661,Alaska,0,2
1.518593282922609,0.5033628898413257,Arizona,0,1
0.1777761867645758,-0.32802945742291756,Arkansas,2,0
2.0660001906548024,1.2854969362925504,California,0,2
1.2762401422172576,1.4408879734886737,Colorado,0,2
-1.6435834724141825,-0.180417026827047,Connecticut,1,0
-0.07557234117593298,-0.4198303404553851,Delaware,2,0
2.85947045099209,-0.4276158430913971,Florida,0,1
1.8610475354965081,-0.8917356281936483,Georgia,0,1
-1.315626358209815,0.540721401510536,Hawaii,1,0
-1.4841399289888455,0.15380218474244697,Idaho,1,0
1.090539768603146,-0.2822477492522748,Illinois,0,1
-0.5186068649810371,0.20219205183288527,Indiana,2,0
-2.1785322170503822,0.11353552019765051,Iowa,1,0
-0.840527132303852,0.08095466229514453,Kansas,2,0
-0.4836929496380547,-0.5116480735864993,Kentucky,2,0
1.661429276611768,-1.0602259897515796,Louisiana,0,1
-2.1966699158810448,-0.25288731277136156,Maine,1,0
1.8090434767792494,-0.19077871419670392,Maryland,0,1
-0.9050488868291939,0.04092025436189919,Massachusetts,2,0
2.0101675093640634,0.47088197651739705,Michigan,0,1
-1.7836422255638273,0.32769366926463406,Minnesota,1,0
1.5330314682485873,-1.622765394281722,Mississippi,0,1
0.622461432991782,0.445829221915599,Missouri,2,0
-0.977818881781445,-0.04462858845382693,Montana,2,0
-1.2532915813662413,0.1928760253665979,Nebraska,1,0
2.6356440374500725,1.4278556800446427,Nevada,0,2
-2.2893840196723247,-0.035467142728632106,New Hampshire,1,0
-0.28056532693295455,-0.13598895298245348,New Jersey,2,0
1.9621522793371557,0.2150877381206153,New Mexico,0,1
1.3441317964857622,-0.19664739287452265,New York,0,1
1.6308070293904895,-1.5294372784942944,North Carolina,0,1
-2.6814513764342256,-0.03742739615358647,North Dakota,1,0
-0.43023986714121804,0.2069359170374996,Ohio,2,0
-0.37781069712855925,0.08969604384867763,Oklahoma,2,0
-0.007560500025500154,1.0998916958657408,Oregon,2,0
-1.0466491101959494,-0.20632388585518074,Pennsylvania,2,0
-1.3213065512847804,-0.6058410426544099,Rhode Island,1,0
1.7648451617575054,-0.9877501004593876,South Carolina,0,1
-1.6539987559872942,-0.03010391045662045,South Dakota,1,0
1.188035746840213,-0.21491254109857522,Tennessee,0,1
1.1348384110531589,-0.3102238453905235,Texas,0,1
-0.8969731397560089,0.846995303068426,Utah,2,0
-2.2433051592857227,0.12546751657579644,Vermont,1,0
-0.04351552006580994,-0.09681327329375654,Virginia,2,0
-0.4126735404187234,0.974188921107302,Washington,2,0
-1.6377199694494955,-0.5611860424429406,West Virginia,1,0
-2.1756786380313202,0.027674368780902955,Wisconsin,1,0
-0.5330481039932152,-0.34917224549911324,Wyoming,2,0
